{
  "cirq_type": "Circuit",
  "moments": [
    {
      "cirq_type": "Moment",
      "operations": [
        {
          "cirq_type": "GateOperation",
          "gate": {
            "cirq_type": "CXPowGate",
            "exponent": 1.0,
            "global_shift": 0.0
          },
          "qubits": [
            {
              "cirq_type": "LineQubit",
              "x": 0
            },
            {
              "cirq_type": "LineQubit",
              "x": 1
            }
          ]
        }
      ]
    },
    {
      "cirq_type": "Moment",
      "operations": [
        {
          "cirq_type": "GateOperation",
          "gate": {
            "cirq_type": "CXPowGate",
            "exponent": 1.0,
            "global_shift": 0.0
          },
          "qubits": [
            {
              "cirq_type": "LineQubit",
              "x": 1
            },
            {
              "cirq_type": "LineQubit",
              "x": 2
            }
          ]
        }
      ]
    },
    {
      "cirq_type": "Moment",
      "operations": [
        {
          "cirq_type": "GateOperation",
          "gate": {
            "cirq_type": "CXPowGate",
            "exponent": 1.0,
            "global_shift": 0.0
          },
          "qubits": [
            {
              "cirq_type": "LineQubit",
              "x": 2
            },
            {
              "cirq_type": "LineQubit",
              "x": 3
            }
          ]
        }
      ]
    },
    {
      "cirq_type": "Moment",
      "operations": [
        {
          "cirq_type": "GateOperation",
          "gate": {
            "cirq_type": "CXPowGate",
            "exponent": 1.0,
            "global_shift": 0.0
          },
          "qubits": [
            {
              "cirq_type": "LineQubit",
              "x": 4
            },
            {
              "cirq_type": "LineQubit",
              "x": 3
            }
          ]
        }
      ]
    },
    {
      "cirq_type": "Moment",
      "operations": [
        {
          "cirq_type": "GateOperation",
          "gate": {
            "cirq_type": "CXPowGate",
            "exponent": 1.0,
            "global_shift": 0.0
          },
          "qubits": [
            {
              "cirq_type": "LineQubit",
              "x": 4
            },
            {
              "cirq_type": "LineQubit",
              "x": 5
            }
          ]
        }
      ]
    }
  ],
  "device": {
    "cirq_type": "_UnconstrainedDevice"
  }
}